Date,5,4,3,2,1
1/1,None,96,88,71,<71
1/2,None,96,88,71,<71
1/3,None,96,88,71,<71
1/4,None,96,88,71,<71
1/5,None,96,88,71,<71
1/6,None,96,88,71,<71
1/7,None,96,88,71,<71
1/8,None,96,88,71,<71
1/9,None,96,88,71,<71
1/10,None,96,88,71,<71
1/11,None,96,88,71,<71
1/12,None,96,88,71,<71
1/13,None,96,88,71,<71
1/14,None,96,88,71,<71
1/15,None,96,88,71,<71
1/16,None,96,88,71,<71
1/17,None,96,88,71,<71
1/18,None,96,88,71,<71
1/19,None,96,88,71,<71
1/20,None,96,88,71,<71
1/21,None,96,88,71,<71
1/22,None,96,88,71,<71
1/23,None,96,88,71,<71
1/24,None,96,88,71,<71
1/25,None,96,88,71,<71
1/26,None,96,88,71,<71
1/27,None,96,88,71,<71
1/28,None,96,88,71,<71
1/29,None,96,88,71,<71
1/30,None,96,88,71,<71
1/31,None,96,88,71,<71
2/1,None,96,88,71,<71
2/2,None,96,88,71,<71
2/3,None,96,88,71,<71
2/4,None,96,88,71,<71
2/5,None,96,88,71,<71
2/6,None,96,88,71,<71
2/7,None,96,88,71,<71
2/8,None,96,88,71,<71
2/9,None,96,88,71,<71
2/10,None,96,88,71,<71
2/11,None,96,88,71,<71
2/12,None,96,88,71,<71
2/13,None,96,88,71,<71
2/14,None,96,88,71,<71
2/15,None,96,88,71,<71
2/16,None,96,88,71,<71
2/17,None,96,88,71,<71
2/18,None,96,88,71,<71
2/19,None,96,88,71,<71
2/20,None,96,88,71,<71
2/21,None,96,88,71,<71
2/22,None,96,88,71,<71
2/23,None,96,88,71,<71
2/24,None,96,88,71,<71
2/25,None,96,88,71,<71
2/26,None,96,88,71,<71
2/27,None,96,88,71,<71
2/28,None,96,88,71,<71
3/1,None,96,88,71,<71
3/2,None,96,88,71,<71
3/3,None,96,88,71,<71
3/4,None,96,88,71,<71
3/5,None,96,88,71,<71
3/6,None,96,88,71,<71
3/7,None,96,88,71,<71
3/8,None,96,88,71,<71
3/9,None,96,88,71,<71
3/10,None,96,88,71,<71
3/11,None,96,88,71,<71
3/12,None,96,88,71,<71
3/13,None,96,88,71,<71
3/14,None,96,88,71,<71
3/15,None,96,88,71,<71
3/16,None,96,88,71,<71
3/17,None,96,88,71,<71
3/18,None,96,88,71,<71
3/19,None,96,88,71,<71
3/20,None,96,88,71,<71
3/21,None,96,88,71,<71
3/22,None,96,88,71,<71
3/23,None,96,88,71,<71
3/24,None,96,88,71,<71
3/25,None,96,88,71,<71
3/26,None,96,88,71,<71
3/27,None,96,88,71,<71
3/28,None,96,88,71,<71
3/29,None,96,88,71,<71
3/30,None,96,88,71,<71
3/31,None,96,88,71,<71
4/1,None,96,88,71,<71
4/2,None,96,88,71,<71
4/3,None,96,88,71,<71
4/4,None,96,88,71,<71
4/5,None,96,88,71,<71
4/6,None,96,88,71,<71
4/7,None,96,88,71,<71
4/8,None,96,88,71,<71
4/9,None,96,88,71,<71
4/10,None,96,88,71,<71
4/11,None,96,88,71,<71
4/12,None,96,88,71,<71
4/13,None,96,88,71,<71
4/14,None,96,88,71,<71
4/15,None,96,88,71,<71
4/16,None,96,88,71,<71
4/17,None,96,88,71,<71
4/18,None,96,88,71,<71
4/19,None,96,88,71,<71
4/20,None,96,88,71,<71
4/21,None,96,88,71,<71
4/22,None,96,88,71,<71
4/23,None,96,88,71,<71
4/24,None,96,88,71,<71
4/25,None,96,88,71,<71
4/26,None,96,88,71,<71
4/27,None,96,88,71,<71
4/28,None,96,88,71,<71
4/29,None,96,88,71,<71
4/30,None,96,88,71,<71
5/1,None,96,88,71,<71
5/2,None,96,88,71,<71
5/3,None,96,88,71,<71
5/4,None,96,88,71,<71
5/5,None,96,88,71,<71
5/6,None,96,88,71,<71
5/7,None,96,88,71,<71
5/8,None,96,88,71,<71
5/9,None,96,88,71,<71
5/10,None,96,88,71,<71
5/11,None,96,88,71,<71
5/12,None,96,88,71,<71
5/13,None,96,88,71,<71
5/14,None,96,88,71,<71
5/15,None,96,88,71,<71
5/16,None,96,88,71,<71
5/17,None,96,88,71,<71
5/18,None,96,88,71,<71
5/19,None,96,88,71,<71
5/20,None,96,88,71,<71
5/21,None,96,88,71,<71
5/22,None,96,88,71,<71
5/23,None,96,88,71,<71
5/24,None,96,88,71,<71
5/25,None,96,88,71,<71
5/26,None,96,88,71,<71
5/27,None,96,88,71,<71
5/28,None,96,88,71,<71
5/29,None,96,88,71,<71
5/30,None,96,88,71,<71
5/31,None,96,88,71,<71
6/1,None,96,88,71,<71
6/2,None,96,88,71,<71
6/3,None,96,88,71,<71
6/4,None,96,88,71,<71
6/5,None,96,89,71,<71
6/6,None,96,89,71,<71
6/7,None,96,89,71,<71
6/8,None,96,89,71,<71
6/9,None,96,89,71,<71
6/10,None,96,89,71,<71
6/11,None,96,90,71,<71
6/12,None,96,90,71,<71
6/13,None,96,90,71,<71
6/14,None,96,90,71,<71
6/15,None,96,90,71,<71
6/16,None,96,91,71,<71
6/17,None,96,91,71,<71
6/18,None,96,91,71,<71
6/19,None,96,91,71,<71
6/20,None,97,92,71,<71
6/21,None,97,92,71,<71
6/22,None,97,92,71,<71
6/23,None,97,93,71,<71
6/24,None,98,93,71,<71
6/25,None,98,93,71,<71
6/26,None,98,94,71,<71
6/27,None,98,94,71,<71
6/28,None,98,94,71,<71
6/29,None,99,95,71,<71
6/30,None,99,95,71,<71
7/1,None,99,95,71,<71
7/2,None,99,95,71,<71
7/3,None,99,95,71,<71
7/4,None,99,96,71,<71
7/5,None,100,96,71,<71
7/6,None,100,96,71,<71
7/7,None,100,96,71,<71
7/8,None,100,96,71,<71
7/9,None,100,96,71,<71
7/10,None,100,96,71,<71
7/11,None,100,96,71,<71
7/12,None,100,96,71,<71
7/13,None,100,96,71,<71
7/14,None,101,96,71,<71
7/15,None,101,96,71,<71
7/16,None,101,96,71,<71
7/17,None,101,96,71,<71
7/18,None,101,96,71,<71
7/19,None,101,96,71,<71
7/20,None,101,96,71,<71
7/21,None,101,96,71,<71
7/22,None,101,96,71,<71
7/23,None,101,96,71,<71
7/24,None,101,96,71,<71
7/25,None,101,96,71,<71
7/26,None,101,96,71,<71
7/27,None,101,96,71,<71
7/28,None,101,96,71,<71
7/29,None,101,96,71,<71
7/30,None,101,96,71,<71
7/31,None,101,96,71,<71
8/1,None,101,96,71,<71
8/2,None,101,96,71,<71
8/3,None,100,96,71,<71
8/4,None,100,96,71,<71
8/5,None,100,96,71,<71
8/6,None,100,96,71,<71
8/7,None,100,96,71,<71
8/8,None,100,96,71,<71
8/9,None,100,96,71,<71
8/10,None,100,96,71,<71
8/11,None,100,96,71,<71
8/12,None,99,96,71,<71
8/13,None,99,96,71,<71
8/14,None,99,96,71,<71
8/15,None,99,96,71,<71
8/16,None,99,96,71,<71
8/17,None,99,96,71,<71
8/18,None,99,96,71,<71
8/19,None,99,96,71,<71
8/20,None,98,96,71,<71
8/21,None,98,96,71,<71
8/22,None,98,96,71,<71
8/23,None,98,96,71,<71
8/24,None,98,96,71,<71
8/25,None,98,95,71,<71
8/26,None,97,95,71,<71
8/27,None,97,95,71,<71
8/28,None,97,95,71,<71
8/29,None,97,95,71,<71
8/30,None,97,94,71,<71
8/31,None,97,94,71,<71
9/1,None,96,94,71,<71
9/2,None,96,94,71,<71
9/3,None,96,93,71,<71
9/4,None,96,93,71,<71
9/5,None,96,93,71,<71
9/6,None,96,93,71,<71
9/7,None,96,93,71,<71
9/8,None,96,93,71,<71
9/9,None,96,93,71,<71
9/10,None,96,93,71,<71
9/11,None,96,93,71,<71
9/12,None,96,92,71,<71
9/13,None,96,92,71,<71
9/14,None,96,92,71,<71
9/15,None,96,92,71,<71
9/16,None,96,92,71,<71
9/17,None,96,92,71,<71
9/18,None,96,92,71,<71
9/19,None,96,92,71,<71
9/20,None,96,91,71,<71
9/21,None,96,91,71,<71
9/22,None,96,91,71,<71
9/23,None,96,91,71,<71
9/24,None,96,91,71,<71
9/25,None,96,91,71,<71
9/26,None,96,91,71,<71
9/27,None,96,90,71,<71
9/28,None,96,90,71,<71
9/29,None,96,90,71,<71
9/30,None,96,90,71,<71
10/1,None,96,90,71,<71
10/2,None,96,90,71,<71
10/3,None,96,90,71,<71
10/4,None,96,90,71,<71
10/5,None,96,90,71,<71
10/6,None,96,90,71,<71
10/7,None,96,90,71,<71
10/8,None,96,90,71,<71
10/9,None,96,90,71,<71
10/10,None,96,90,71,<71
10/11,None,96,90,71,<71
10/12,None,96,90,71,<71
10/13,None,96,90,71,<71
10/14,None,96,90,71,<71
10/15,None,96,90,71,<71
10/16,None,96,90,71,<71
10/17,None,96,90,71,<71
10/18,None,96,90,71,<71
10/19,None,96,90,71,<71
10/20,None,96,90,71,<71
10/21,None,96,90,71,<71
10/22,None,96,90,71,<71
10/23,None,96,90,71,<71
10/24,None,96,90,71,<71
10/25,None,96,90,71,<71
10/26,None,96,90,71,<71
10/27,None,96,90,71,<71
10/28,None,96,90,71,<71
10/29,None,96,90,71,<71
10/30,None,96,90,71,<71
10/31,None,96,90,71,<71
11/1,None,96,90,71,<71
11/2,None,96,90,71,<71
11/3,None,96,90,71,<71
11/4,None,96,90,71,<71
11/5,None,96,90,71,<71
11/6,None,96,90,71,<71
11/7,None,96,90,71,<71
11/8,None,96,90,71,<71
11/9,None,96,90,71,<71
11/10,None,96,90,71,<71
11/11,None,96,90,71,<71
11/12,None,96,90,71,<71
11/13,None,96,90,71,<71
11/14,None,96,90,71,<71
11/15,None,96,90,71,<71
11/16,None,96,90,71,<71
11/17,None,96,90,71,<71
11/18,None,96,90,71,<71
11/19,None,96,90,71,<71
11/20,None,96,90,71,<71
11/21,None,96,90,71,<71
11/22,None,96,90,71,<71
11/23,None,96,90,71,<71
11/24,None,96,90,71,<71
11/25,None,96,90,71,<71
11/26,None,96,90,71,<71
11/27,None,96,90,71,<71
11/28,None,96,90,71,<71
11/29,None,96,90,71,<71
11/30,None,96,90,71,<71
12/1,None,96,90,71,<71
12/2,None,96,90,71,<71
12/3,None,96,90,71,<71
12/4,None,96,90,71,<71
12/5,None,96,90,71,<71
12/6,None,96,90,71,<71
12/7,None,96,90,71,<71
12/8,None,96,90,71,<71
12/9,None,96,90,71,<71
12/10,None,96,90,71,<71
12/11,None,96,90,71,<71
12/12,None,96,90,71,<71
12/13,None,96,90,71,<71
12/14,None,96,90,71,<71
12/15,None,96,90,71,<71
12/16,None,96,90,71,<71
12/17,None,96,90,71,<71
12/18,None,96,90,71,<71
12/19,None,96,90,71,<71
12/20,None,96,90,71,<71
12/21,None,96,90,71,<71
12/22,None,96,90,71,<71
12/23,None,96,90,71,<71
12/24,None,96,90,71,<71
12/25,None,96,90,71,<71
12/26,None,96,90,71,<71
12/27,None,96,90,71,<71
12/28,None,96,90,71,<71
12/29,None,96,90,71,<71
12/30,None,96,90,71,<71
12/31,None,96,90,71,<71
