grib_message,start_byte,end_byte,range,reference_time,valid_time,variable,level,forecast_time,?,??,???,search_this
1,0,2367227.0,0-2367227,2026-05-16 18:00:00,2026-05-17 18:00:00,APTMP,2 m above ground,24 hour fcst,,,,:APTMP:2 m above ground:24 hour fcst:
2,2367228,3589180.0,2367228-3589180,2026-05-16 18:00:00,2026-05-17 18:00:00,CDCB,reserved,24 hour fcst,,,,:CDCB:reserved:24 hour fcst:
3,3589181,4401521.0,3589181-4401521,2026-05-16 18:00:00,2026-05-17 18:00:00,TCDC,reserved,24 hour fcst,,,,:TCDC:reserved:24 hour fcst:
4,4401522,6463087.0,4401522-6463087,2026-05-16 18:00:00,2026-05-17 18:00:00,CDCTOP,reserved,24 hour fcst,,,,:CDCTOP:reserved:24 hour fcst:
5,6463088,7804542.0,6463088-7804542,2026-05-16 18:00:00,2026-05-17 18:00:00,CDCB,reserved,24 hour fcst,,,,:CDCB:reserved:24 hour fcst:
6,7804543,8468027.0,7804543-8468027,2026-05-16 18:00:00,2026-05-17 18:00:00,TCDC,reserved,24 hour fcst,,,,:TCDC:reserved:24 hour fcst:
7,8468028,9879575.0,8468028-9879575,2026-05-16 18:00:00,2026-05-17 18:00:00,CDCTOP,reserved,24 hour fcst,,,,:CDCTOP:reserved:24 hour fcst:
8,9879576,9999889.0,9879576-9999889,2026-05-16 18:00:00,2026-05-17 18:00:00,CDCB,reserved,24 hour fcst,,,,:CDCB:reserved:24 hour fcst:
9,9999890,10225835.0,9999890-10225835,2026-05-16 18:00:00,2026-05-17 18:00:00,TCDC,reserved,24 hour fcst,,,,:TCDC:reserved:24 hour fcst:
10,10225836,10357773.0,10225836-10357773,2026-05-16 18:00:00,2026-05-17 18:00:00,CDCTOP,reserved,24 hour fcst,,,,:CDCTOP:reserved:24 hour fcst:
11,10357774,11341841.0,10357774-11341841,2026-05-16 18:00:00,2026-05-17 18:00:00,CDCB,high cloud layer,24 hour fcst,,,,:CDCB:high cloud layer:24 hour fcst:
12,11341842,11852196.0,11341842-11852196,2026-05-16 18:00:00,2026-05-17 18:00:00,TCDC,high cloud layer,24 hour fcst,,,,:TCDC:high cloud layer:24 hour fcst:
13,11852197,14137153.0,11852197-14137153,2026-05-16 18:00:00,2026-05-17 18:00:00,CAPE,surface,24 hour fcst,,,,:CAPE:surface:24 hour fcst:
14,14137154,18965582.0,14137154-18965582,2026-05-16 18:00:00,2026-05-17 18:00:00,CAPE,surface,24 hour fcst,ens std dev,,,:CAPE:surface:24 hour fcst:ens std dev:
15,18965583,20396905.0,18965583-20396905,2026-05-16 18:00:00,2026-05-17 18:00:00,CEIL,cloud ceiling,24 hour fcst,,,,:CEIL:cloud ceiling:24 hour fcst:
16,20396906,20895682.0,20396906-20895682,2026-05-16 18:00:00,2026-05-17 18:00:00,CEIL,cloud ceiling,24 hour fcst,prob <304.8,prob fcst 3/7,probability forecast,:CEIL:cloud ceiling:24 hour fcst:prob <304.8:prob fcst 3/7:probability forecast:
17,20895683,21575842.0,20895683-21575842,2026-05-16 18:00:00,2026-05-17 18:00:00,CEIL,cloud ceiling,24 hour fcst,prob <609.6,prob fcst 4/7,probability forecast,:CEIL:cloud ceiling:24 hour fcst:prob <609.6:prob fcst 4/7:probability forecast:
18,21575843,21896571.0,21575843-21896571,2026-05-16 18:00:00,2026-05-17 18:00:00,CEIL,cloud ceiling,24 hour fcst,prob <152.4,prob fcst 2/7,probability forecast,:CEIL:cloud ceiling:24 hour fcst:prob <152.4:prob fcst 2/7:probability forecast:
19,21896572,22707940.0,21896572-22707940,2026-05-16 18:00:00,2026-05-17 18:00:00,CEIL,cloud ceiling,24 hour fcst,prob <914.5,prob fcst 5/7,probability forecast,:CEIL:cloud ceiling:24 hour fcst:prob <914.5:prob fcst 5/7:probability forecast:
20,22707941,23633779.0,22707941-23633779,2026-05-16 18:00:00,2026-05-17 18:00:00,CEIL,cloud ceiling,24 hour fcst,prob <2011.68,prob fcst 6/7,probability forecast,:CEIL:cloud ceiling:24 hour fcst:prob <2011.68:prob fcst 6/7:probability forecast:
21,23633780,26943723.0,23633780-26943723,2026-05-16 18:00:00,2026-05-17 18:00:00,CEIL,cloud base,24 hour fcst,,,,:CEIL:cloud base:24 hour fcst:
22,26943724,27843744.0,26943724-27843744,2026-05-16 18:00:00,2026-05-17 18:00:00,CWASP,surface,24 hour fcst,5% level,,,:CWASP:surface:24 hour fcst:5% level:
23,27843745,28760705.0,27843745-28760705,2026-05-16 18:00:00,2026-05-17 18:00:00,CWASP,surface,24 hour fcst,10% level,,,:CWASP:surface:24 hour fcst:10% level:
24,28760706,29664394.0,28760706-29664394,2026-05-16 18:00:00,2026-05-17 18:00:00,CWASP,surface,24 hour fcst,25% level,,,:CWASP:surface:24 hour fcst:25% level:
25,29664395,30561435.0,29664395-30561435,2026-05-16 18:00:00,2026-05-17 18:00:00,CWASP,surface,24 hour fcst,50% level,,,:CWASP:surface:24 hour fcst:50% level:
26,30561436,31474236.0,30561436-31474236,2026-05-16 18:00:00,2026-05-17 18:00:00,CWASP,surface,24 hour fcst,75% level,,,:CWASP:surface:24 hour fcst:75% level:
27,31474237,32410842.0,31474237-32410842,2026-05-16 18:00:00,2026-05-17 18:00:00,CWASP,surface,24 hour fcst,90% level,,,:CWASP:surface:24 hour fcst:90% level:
28,32410843,33342081.0,32410843-33342081,2026-05-16 18:00:00,2026-05-17 18:00:00,CWASP,surface,24 hour fcst,95% level,,,:CWASP:surface:24 hour fcst:95% level:
29,33342082,34751423.0,33342082-34751423,2026-05-16 18:00:00,2026-05-17 18:00:00,CWASP,surface,24 hour fcst,unknown derived fcst,,,:CWASP:surface:24 hour fcst:unknown derived fcst:
30,34751424,35333877.0,34751424-35333877,2026-05-16 18:00:00,2026-05-17 18:00:00,CWASP,surface,24 hour fcst,prob >50,prob fcst 255/255,,:CWASP:surface:24 hour fcst:prob >50:prob fcst 255/255:
31,35333878,35825465.0,35333878-35825465,2026-05-16 18:00:00,2026-05-17 18:00:00,CWASP,surface,24 hour fcst,prob >65,prob fcst 255/255,,:CWASP:surface:24 hour fcst:prob >65:prob fcst 255/255:
32,35825466,36303632.0,35825466-36303632,2026-05-16 18:00:00,2026-05-17 18:00:00,CWASP,surface,24 hour fcst,prob >70,prob fcst 255/255,,:CWASP:surface:24 hour fcst:prob >70:prob fcst 255/255:
33,36303633,36773564.0,36303633-36773564,2026-05-16 18:00:00,2026-05-17 18:00:00,CWASP,surface,24 hour fcst,prob >75,prob fcst 255/255,,:CWASP:surface:24 hour fcst:prob >75:prob fcst 255/255:
34,36773565,37241919.0,36773565-37241919,2026-05-16 18:00:00,2026-05-17 18:00:00,CWASP,surface,24 hour fcst,prob >85,prob fcst 255/255,,:CWASP:surface:24 hour fcst:prob >85:prob fcst 255/255:
35,37241920,39421798.0,37241920-39421798,2026-05-16 18:00:00,2026-05-17 18:00:00,DPT,2 m above ground,24 hour fcst,,,,:DPT:2 m above ground:24 hour fcst:
36,39421799,41526519.0,39421799-41526519,2026-05-16 18:00:00,2026-05-17 18:00:00,DPT,2 m above ground,24 hour fcst,ens std dev,,,:DPT:2 m above ground:24 hour fcst:ens std dev:
37,41526520,41559318.0,41526520-41559318,2026-05-16 18:00:00,2026-05-17 18:00:00,DRYTPROB,surface,21-24 hour acc fcst,prob >0,prob fcst 0/21,probability forecast,:DRYTPROB:surface:21-24 hour acc fcst:prob >0:prob fcst 0/21:probability forecast:
38,41559319,44561023.0,41559319-44561023,2026-05-16 18:00:00,2026-05-17 18:00:00,DSWRF,surface,24 hour fcst,,,,:DSWRF:surface:24 hour fcst:
39,44561024,46631721.0,44561024-46631721,2026-05-16 18:00:00,2026-05-17 18:00:00,RETOP,cloud top,24 hour fcst,,,,:RETOP:cloud top:24 hour fcst:
40,46631722,47786192.0,46631722-47786192,2026-05-16 18:00:00,2026-05-17 18:00:00,ELLINX,400-300 mb,24 hour fcst,,,,:ELLINX:400-300 mb:24 hour fcst:
41,47786193,48258230.0,47786193-48258230,2026-05-16 18:00:00,2026-05-17 18:00:00,FICEAC,surface,23-24 hour acc fcst,,,,:FICEAC:surface:23-24 hour acc fcst:
42,48258231,48751322.0,48258231-48751322,2026-05-16 18:00:00,2026-05-17 18:00:00,FICEAC,surface,18-24 hour acc fcst,,,,:FICEAC:surface:18-24 hour acc fcst:
43,48751323,48939327.0,48751323-48939327,2026-05-16 18:00:00,2026-05-17 18:00:00,FRZSPR,surface,24 hour fcst,,,,:FRZSPR:surface:24 hour fcst:
44,48939328,49407694.0,48939328-49407694,2026-05-16 18:00:00,2026-05-17 18:00:00,FICEAC,surface,"18-24 hour acc@(fcst,dt=6 hour),missing=0",1% level,,,":FICEAC:surface:18-24 hour acc@(fcst,dt=6 hour),missing=0:1% level:"
45,49407695,49876061.0,49407695-49876061,2026-05-16 18:00:00,2026-05-17 18:00:00,FICEAC,surface,"18-24 hour acc@(fcst,dt=6 hour),missing=0",5% level,,,":FICEAC:surface:18-24 hour acc@(fcst,dt=6 hour),missing=0:5% level:"
46,49876062,50344428.0,49876062-50344428,2026-05-16 18:00:00,2026-05-17 18:00:00,FICEAC,surface,"18-24 hour acc@(fcst,dt=6 hour),missing=0",10% level,,,":FICEAC:surface:18-24 hour acc@(fcst,dt=6 hour),missing=0:10% level:"
47,50344429,50812795.0,50344429-50812795,2026-05-16 18:00:00,2026-05-17 18:00:00,FICEAC,surface,"18-24 hour acc@(fcst,dt=6 hour),missing=0",20% level,,,":FICEAC:surface:18-24 hour acc@(fcst,dt=6 hour),missing=0:20% level:"
48,50812796,51281162.0,50812796-51281162,2026-05-16 18:00:00,2026-05-17 18:00:00,FICEAC,surface,"18-24 hour acc@(fcst,dt=6 hour),missing=0",25% level,,,":FICEAC:surface:18-24 hour acc@(fcst,dt=6 hour),missing=0:25% level:"
49,51281163,51749529.0,51281163-51749529,2026-05-16 18:00:00,2026-05-17 18:00:00,FICEAC,surface,"18-24 hour acc@(fcst,dt=6 hour),missing=0",30% level,,,":FICEAC:surface:18-24 hour acc@(fcst,dt=6 hour),missing=0:30% level:"
50,51749530,52217896.0,51749530-52217896,2026-05-16 18:00:00,2026-05-17 18:00:00,FICEAC,surface,"18-24 hour acc@(fcst,dt=6 hour),missing=0",40% level,,,":FICEAC:surface:18-24 hour acc@(fcst,dt=6 hour),missing=0:40% level:"
51,52217897,52686263.0,52217897-52686263,2026-05-16 18:00:00,2026-05-17 18:00:00,FICEAC,surface,"18-24 hour acc@(fcst,dt=6 hour),missing=0",50% level,,,":FICEAC:surface:18-24 hour acc@(fcst,dt=6 hour),missing=0:50% level:"
52,52686264,53154630.0,52686264-53154630,2026-05-16 18:00:00,2026-05-17 18:00:00,FICEAC,surface,"18-24 hour acc@(fcst,dt=6 hour),missing=0",60% level,,,":FICEAC:surface:18-24 hour acc@(fcst,dt=6 hour),missing=0:60% level:"
53,53154631,53623054.0,53154631-53623054,2026-05-16 18:00:00,2026-05-17 18:00:00,FICEAC,surface,"18-24 hour acc@(fcst,dt=6 hour),missing=0",70% level,,,":FICEAC:surface:18-24 hour acc@(fcst,dt=6 hour),missing=0:70% level:"
54,53623055,54091590.0,53623055-54091590,2026-05-16 18:00:00,2026-05-17 18:00:00,FICEAC,surface,"18-24 hour acc@(fcst,dt=6 hour),missing=0",75% level,,,":FICEAC:surface:18-24 hour acc@(fcst,dt=6 hour),missing=0:75% level:"
55,54091591,54560267.0,54091591-54560267,2026-05-16 18:00:00,2026-05-17 18:00:00,FICEAC,surface,"18-24 hour acc@(fcst,dt=6 hour),missing=0",80% level,,,":FICEAC:surface:18-24 hour acc@(fcst,dt=6 hour),missing=0:80% level:"
56,54560268,55050559.0,54560268-55050559,2026-05-16 18:00:00,2026-05-17 18:00:00,FICEAC,surface,"18-24 hour acc@(fcst,dt=6 hour),missing=0",90% level,,,":FICEAC:surface:18-24 hour acc@(fcst,dt=6 hour),missing=0:90% level:"
57,55050560,55547931.0,55050560-55547931,2026-05-16 18:00:00,2026-05-17 18:00:00,FICEAC,surface,"18-24 hour acc@(fcst,dt=6 hour),missing=0",95% level,,,":FICEAC:surface:18-24 hour acc@(fcst,dt=6 hour),missing=0:95% level:"
58,55547932,56047385.0,55547932-56047385,2026-05-16 18:00:00,2026-05-17 18:00:00,FICEAC,surface,"18-24 hour acc@(fcst,dt=6 hour),missing=0",99% level,,,":FICEAC:surface:18-24 hour acc@(fcst,dt=6 hour),missing=0:99% level:"
59,56047386,56524422.0,56047386-56524422,2026-05-16 18:00:00,2026-05-17 18:00:00,FICEAC,surface,18-24 hour acc fcst,prob >0.254,prob fcst 255/255,,:FICEAC:surface:18-24 hour acc fcst:prob >0.254:prob fcst 255/255:
60,56524423,56993096.0,56524423-56993096,2026-05-16 18:00:00,2026-05-17 18:00:00,FICEAC,surface,18-24 hour acc fcst,prob >2.54,prob fcst 255/255,,:FICEAC:surface:18-24 hour acc fcst:prob >2.54:prob fcst 255/255:
61,56993097,57461475.0,56993097-57461475,2026-05-16 18:00:00,2026-05-17 18:00:00,FICEAC,surface,18-24 hour acc fcst,prob >6.35,prob fcst 255/255,,:FICEAC:surface:18-24 hour acc fcst:prob >6.35:prob fcst 255/255:
62,57461476,57929854.0,57461476-57929854,2026-05-16 18:00:00,2026-05-17 18:00:00,FICEAC,surface,18-24 hour acc fcst,prob >12.7,prob fcst 255/255,,:FICEAC:surface:18-24 hour acc fcst:prob >12.7:prob fcst 255/255:
63,57929855,58398233.0,57929855-58398233,2026-05-16 18:00:00,2026-05-17 18:00:00,FICEAC,surface,18-24 hour acc fcst,prob >25.4,prob fcst 255/255,,:FICEAC:surface:18-24 hour acc fcst:prob >25.4:prob fcst 255/255:
64,58398234,59069741.0,58398234-59069741,2026-05-16 18:00:00,2026-05-17 18:00:00,TURB,surface - 1372 m above ground,24 hour fcst,,,,:TURB:surface - 1372 m above ground:24 hour fcst:
65,59069742,59539703.0,59069742-59539703,2026-05-16 18:00:00,2026-05-17 18:00:00,WDIR,surface - 610 m above ground,24 hour fcst,,,,:WDIR:surface - 610 m above ground:24 hour fcst:
66,59539704,60009943.0,59539704-60009943,2026-05-16 18:00:00,2026-05-17 18:00:00,DIST,surface - 610 m above ground,24 hour fcst,,,,:DIST:surface - 610 m above ground:24 hour fcst:
67,60009944,60480165.0,60009944-60480165,2026-05-16 18:00:00,2026-05-17 18:00:00,WIND,surface - 610 m above ground,24 hour fcst,,,,:WIND:surface - 610 m above ground:24 hour fcst:
68,60480166,62569051.0,60480166-62569051,2026-05-16 18:00:00,2026-05-17 18:00:00,FOSINDX,surface,18-24 hour max fcst,,,,:FOSINDX:surface:18-24 hour max fcst:
69,62569052,64126615.0,62569052-64126615,2026-05-16 18:00:00,2026-05-17 18:00:00,MAXREF,1000 m above ground,23-24 hour max fcst,,,,:MAXREF:1000 m above ground:23-24 hour max fcst:
70,64126616,65659896.0,64126616-65659896,2026-05-16 18:00:00,2026-05-17 18:00:00,MAXRH,2 m above ground,12-24 hour max fcst,,,,:MAXRH:2 m above ground:12-24 hour max fcst:
71,65659897,67829144.0,65659897-67829144,2026-05-16 18:00:00,2026-05-17 18:00:00,MIXHT,entire atmosphere (considered as a single layer),24 hour fcst,,,,:MIXHT:entire atmosphere (considered as a single layer):24 hour fcst:
72,67829145,69864971.0,67829145-69864971,2026-05-16 18:00:00,2026-05-17 18:00:00,CAPE,surface,24 hour fcst,10% level,,,:CAPE:surface:24 hour fcst:10% level:
73,69864972,72299202.0,69864972-72299202,2026-05-16 18:00:00,2026-05-17 18:00:00,CAPE,surface,24 hour fcst,50% level,,,:CAPE:surface:24 hour fcst:50% level:
74,72299203,75028324.0,72299203-75028324,2026-05-16 18:00:00,2026-05-17 18:00:00,CAPE,surface,24 hour fcst,90% level,,,:CAPE:surface:24 hour fcst:90% level:
75,75028325,75869896.0,75028325-75869896,2026-05-16 18:00:00,2026-05-17 18:00:00,APCP,surface,23-24 hour acc fcst,prob >0.254,prob fcst 255/255,,:APCP:surface:23-24 hour acc fcst:prob >0.254:prob fcst 255/255:
76,75869897,76840742.0,75869897-76840742,2026-05-16 18:00:00,2026-05-17 18:00:00,APCP,surface,18-24 hour acc fcst,prob >0.254,prob fcst 255/255,,:APCP:surface:18-24 hour acc fcst:prob >0.254:prob fcst 255/255:
77,76840743,77856956.0,76840743-77856956,2026-05-16 18:00:00,2026-05-17 18:00:00,APCP,surface,12-24 hour acc fcst,prob >0.254,prob fcst 255/255,,:APCP:surface:12-24 hour acc fcst:prob >0.254:prob fcst 255/255:
78,77856957,78406549.0,77856957-78406549,2026-05-16 18:00:00,2026-05-17 18:00:00,PWTHER,surface - reserved,24 hour fcst,,,,:PWTHER:surface - reserved:24 hour fcst:
79,78406550,78884255.0,78406550-78884255,2026-05-16 18:00:00,2026-05-17 18:00:00,PTYPE,surface,24 hour fcst,prob >=3 <4,prob fcst 1/1,,:PTYPE:surface:24 hour fcst:prob >=3 <4:prob fcst 1/1:
80,78884256,81454279.0,78884256-81454279,2026-05-16 18:00:00,2026-05-17 18:00:00,PTYPE,surface,24 hour fcst,prob >=1 <2,prob fcst 1/1,,:PTYPE:surface:24 hour fcst:prob >=1 <2:prob fcst 1/1:
81,81454280,81927282.0,81454280-81927282,2026-05-16 18:00:00,2026-05-17 18:00:00,PTYPE,surface,24 hour fcst,prob >=8 <9,prob fcst 1/1,,:PTYPE:surface:24 hour fcst:prob >=8 <9:prob fcst 1/1:
82,81927283,82914825.0,81927283-82914825,2026-05-16 18:00:00,2026-05-17 18:00:00,PTYPE,surface,24 hour fcst,prob >=5 <7,prob fcst 1/1,,:PTYPE:surface:24 hour fcst:prob >=5 <7:prob fcst 1/1:
83,82914826,83519766.0,82914826-83519766,2026-05-16 18:00:00,2026-05-17 18:00:00,TSTM,surface,23-24 hour acc fcst,probability forecast,,,:TSTM:surface:23-24 hour acc fcst:probability forecast:
84,83519767,84207616.0,83519767-84207616,2026-05-16 18:00:00,2026-05-17 18:00:00,TSTM,surface,21-24 hour acc fcst,probability forecast,,,:TSTM:surface:21-24 hour acc fcst:probability forecast:
85,84207617,84950182.0,84207617-84950182,2026-05-16 18:00:00,2026-05-17 18:00:00,TSTM,surface,18-24 hour acc fcst,probability forecast,,,:TSTM:surface:18-24 hour acc fcst:probability forecast:
86,84950183,85719157.0,84950183-85719157,2026-05-16 18:00:00,2026-05-17 18:00:00,TSTM,surface,12-24 hour acc fcst,probability forecast,,,:TSTM:surface:12-24 hour acc fcst:probability forecast:
87,85719158,86787460.0,85719158-86787460,2026-05-16 18:00:00,2026-05-17 18:00:00,PWAT,entire atmosphere (considered as a single layer),24 hour fcst,,,,:PWAT:entire atmosphere (considered as a single layer):24 hour fcst:
88,86787461,87810843.0,86787461-87810843,2026-05-16 18:00:00,2026-05-17 18:00:00,PWAT,entire atmosphere (considered as a single layer),24 hour fcst,10% level,,,:PWAT:entire atmosphere (considered as a single layer):24 hour fcst:10% level:
89,87810844,88828777.0,87810844-88828777,2026-05-16 18:00:00,2026-05-17 18:00:00,PWAT,entire atmosphere (considered as a single layer),24 hour fcst,50% level,,,:PWAT:entire atmosphere (considered as a single layer):24 hour fcst:50% level:
90,88828778,89905544.0,88828778-89905544,2026-05-16 18:00:00,2026-05-17 18:00:00,PWAT,entire atmosphere (considered as a single layer),24 hour fcst,90% level,,,:PWAT:entire atmosphere (considered as a single layer):24 hour fcst:90% level:
91,89905545,90907339.0,89905545-90907339,2026-05-16 18:00:00,2026-05-17 18:00:00,PWAT,entire atmosphere (considered as a single layer),24 hour fcst,prob >12.7,prob fcst 255/255,,:PWAT:entire atmosphere (considered as a single layer):24 hour fcst:prob >12.7:prob fcst 255/255:
92,90907340,91749716.0,90907340-91749716,2026-05-16 18:00:00,2026-05-17 18:00:00,PWAT,entire atmosphere (considered as a single layer),24 hour fcst,prob >25.4,prob fcst 255/255,,:PWAT:entire atmosphere (considered as a single layer):24 hour fcst:prob >25.4:prob fcst 255/255:
93,91749717,92582333.0,91749717-92582333,2026-05-16 18:00:00,2026-05-17 18:00:00,PWAT,entire atmosphere (considered as a single layer),24 hour fcst,prob >38.1,prob fcst 255/255,,:PWAT:entire atmosphere (considered as a single layer):24 hour fcst:prob >38.1:prob fcst 255/255:
94,92582334,93118830.0,92582334-93118830,2026-05-16 18:00:00,2026-05-17 18:00:00,PWAT,entire atmosphere (considered as a single layer),24 hour fcst,prob >50.8,prob fcst 255/255,,:PWAT:entire atmosphere (considered as a single layer):24 hour fcst:prob >50.8:prob fcst 255/255:
95,93118831,93587428.0,93118831-93587428,2026-05-16 18:00:00,2026-05-17 18:00:00,PWAT,entire atmosphere (considered as a single layer),24 hour fcst,prob >63.5,prob fcst 255/255,,:PWAT:entire atmosphere (considered as a single layer):24 hour fcst:prob >63.5:prob fcst 255/255:
96,93587429,94501116.0,93587429-94501116,2026-05-16 18:00:00,2026-05-17 18:00:00,PWAT,entire atmosphere (considered as a single layer),24 hour fcst,prob >6.35,prob fcst 255/255,,:PWAT:entire atmosphere (considered as a single layer):24 hour fcst:prob >6.35:prob fcst 255/255:
97,94501117,95587099.0,94501117-95587099,2026-05-16 18:00:00,2026-05-17 18:00:00,APCP,surface,23-24 hour acc fcst,,,,:APCP:surface:23-24 hour acc fcst:
98,95587100,96586471.0,95587100-96586471,2026-05-16 18:00:00,2026-05-17 18:00:00,APCP,surface,18-24 hour acc fcst,,,,:APCP:surface:18-24 hour acc fcst:
99,96586472,98165180.0,96586472-98165180,2026-05-16 18:00:00,2026-05-17 18:00:00,RH,2 m above ground,24 hour fcst,,,,:RH:2 m above ground:24 hour fcst:
100,98165181,100001541.0,98165181-100001541,2026-05-16 18:00:00,2026-05-17 18:00:00,TCDC,surface,24 hour fcst,,,,:TCDC:surface:24 hour fcst:
101,100001542,101824154.0,100001542-101824154,2026-05-16 18:00:00,2026-05-17 18:00:00,TCDC,surface,24 hour fcst,ens std dev,,,:TCDC:surface:24 hour fcst:ens std dev:
102,101824155,102869853.0,101824155-102869853,2026-05-16 18:00:00,2026-05-17 18:00:00,SNOWLR,surface,24 hour fcst,1% level,,,:SNOWLR:surface:24 hour fcst:1% level:
103,102869854,103919369.0,102869854-103919369,2026-05-16 18:00:00,2026-05-17 18:00:00,SNOWLR,surface,24 hour fcst,5% level,,,:SNOWLR:surface:24 hour fcst:5% level:
104,103919370,104980099.0,103919370-104980099,2026-05-16 18:00:00,2026-05-17 18:00:00,SNOWLR,surface,24 hour fcst,10% level,,,:SNOWLR:surface:24 hour fcst:10% level:
105,104980100,106058605.0,104980100-106058605,2026-05-16 18:00:00,2026-05-17 18:00:00,SNOWLR,surface,24 hour fcst,20% level,,,:SNOWLR:surface:24 hour fcst:20% level:
106,106058606,107144550.0,106058606-107144550,2026-05-16 18:00:00,2026-05-17 18:00:00,SNOWLR,surface,24 hour fcst,25% level,,,:SNOWLR:surface:24 hour fcst:25% level:
107,107144551,108233567.0,107144551-108233567,2026-05-16 18:00:00,2026-05-17 18:00:00,SNOWLR,surface,24 hour fcst,30% level,,,:SNOWLR:surface:24 hour fcst:30% level:
108,108233568,109333346.0,108233568-109333346,2026-05-16 18:00:00,2026-05-17 18:00:00,SNOWLR,surface,24 hour fcst,40% level,,,:SNOWLR:surface:24 hour fcst:40% level:
109,109333347,110434461.0,109333347-110434461,2026-05-16 18:00:00,2026-05-17 18:00:00,SNOWLR,surface,24 hour fcst,50% level,,,:SNOWLR:surface:24 hour fcst:50% level:
110,110434462,111566110.0,110434462-111566110,2026-05-16 18:00:00,2026-05-17 18:00:00,SNOWLR,surface,24 hour fcst,60% level,,,:SNOWLR:surface:24 hour fcst:60% level:
111,111566111,112712573.0,111566111-112712573,2026-05-16 18:00:00,2026-05-17 18:00:00,SNOWLR,surface,24 hour fcst,70% level,,,:SNOWLR:surface:24 hour fcst:70% level:
112,112712574,113867107.0,112712574-113867107,2026-05-16 18:00:00,2026-05-17 18:00:00,SNOWLR,surface,24 hour fcst,75% level,,,:SNOWLR:surface:24 hour fcst:75% level:
113,113867108,115028511.0,113867108-115028511,2026-05-16 18:00:00,2026-05-17 18:00:00,SNOWLR,surface,24 hour fcst,80% level,,,:SNOWLR:surface:24 hour fcst:80% level:
114,115028512,116223436.0,115028512-116223436,2026-05-16 18:00:00,2026-05-17 18:00:00,SNOWLR,surface,24 hour fcst,90% level,,,:SNOWLR:surface:24 hour fcst:90% level:
115,116223437,117437004.0,116223437-117437004,2026-05-16 18:00:00,2026-05-17 18:00:00,SNOWLR,surface,24 hour fcst,95% level,,,:SNOWLR:surface:24 hour fcst:95% level:
116,117437005,118663791.0,117437005-118663791,2026-05-16 18:00:00,2026-05-17 18:00:00,SNOWLR,surface,24 hour fcst,99% level,,,:SNOWLR:surface:24 hour fcst:99% level:
117,118663792,119794260.0,118663792-119794260,2026-05-16 18:00:00,2026-05-17 18:00:00,SNOWLR,surface,24 hour fcst,,,,:SNOWLR:surface:24 hour fcst:
118,119794261,120263961.0,119794261-120263961,2026-05-16 18:00:00,2026-05-17 18:00:00,ASNOW,surface,"23-24 hour acc@(fcst,dt=1 hour),missing=0",1% level,,,":ASNOW:surface:23-24 hour acc@(fcst,dt=1 hour),missing=0:1% level:"
119,120263962,120734572.0,120263962-120734572,2026-05-16 18:00:00,2026-05-17 18:00:00,ASNOW,surface,"23-24 hour acc@(fcst,dt=1 hour),missing=0",5% level,,,":ASNOW:surface:23-24 hour acc@(fcst,dt=1 hour),missing=0:5% level:"
120,120734573,121206315.0,120734573-121206315,2026-05-16 18:00:00,2026-05-17 18:00:00,ASNOW,surface,"23-24 hour acc@(fcst,dt=1 hour),missing=0",10% level,,,":ASNOW:surface:23-24 hour acc@(fcst,dt=1 hour),missing=0:10% level:"
121,121206316,121681595.0,121206316-121681595,2026-05-16 18:00:00,2026-05-17 18:00:00,ASNOW,surface,"23-24 hour acc@(fcst,dt=1 hour),missing=0",20% level,,,":ASNOW:surface:23-24 hour acc@(fcst,dt=1 hour),missing=0:20% level:"
122,121681596,122159256.0,121681596-122159256,2026-05-16 18:00:00,2026-05-17 18:00:00,ASNOW,surface,"23-24 hour acc@(fcst,dt=1 hour),missing=0",25% level,,,":ASNOW:surface:23-24 hour acc@(fcst,dt=1 hour),missing=0:25% level:"
123,122159257,122639113.0,122159257-122639113,2026-05-16 18:00:00,2026-05-17 18:00:00,ASNOW,surface,"23-24 hour acc@(fcst,dt=1 hour),missing=0",30% level,,,":ASNOW:surface:23-24 hour acc@(fcst,dt=1 hour),missing=0:30% level:"
124,122639114,123124799.0,122639114-123124799,2026-05-16 18:00:00,2026-05-17 18:00:00,ASNOW,surface,"23-24 hour acc@(fcst,dt=1 hour),missing=0",40% level,,,":ASNOW:surface:23-24 hour acc@(fcst,dt=1 hour),missing=0:40% level:"
125,123124800,123617114.0,123124800-123617114,2026-05-16 18:00:00,2026-05-17 18:00:00,ASNOW,surface,"23-24 hour acc@(fcst,dt=1 hour),missing=0",50% level,,,":ASNOW:surface:23-24 hour acc@(fcst,dt=1 hour),missing=0:50% level:"
126,123617115,124117614.0,123617115-124117614,2026-05-16 18:00:00,2026-05-17 18:00:00,ASNOW,surface,"23-24 hour acc@(fcst,dt=1 hour),missing=0",60% level,,,":ASNOW:surface:23-24 hour acc@(fcst,dt=1 hour),missing=0:60% level:"
127,124117615,124628265.0,124117615-124628265,2026-05-16 18:00:00,2026-05-17 18:00:00,ASNOW,surface,"23-24 hour acc@(fcst,dt=1 hour),missing=0",70% level,,,":ASNOW:surface:23-24 hour acc@(fcst,dt=1 hour),missing=0:70% level:"
128,124628266,125145826.0,124628266-125145826,2026-05-16 18:00:00,2026-05-17 18:00:00,ASNOW,surface,"23-24 hour acc@(fcst,dt=1 hour),missing=0",75% level,,,":ASNOW:surface:23-24 hour acc@(fcst,dt=1 hour),missing=0:75% level:"
129,125145827,125671113.0,125145827-125671113,2026-05-16 18:00:00,2026-05-17 18:00:00,ASNOW,surface,"23-24 hour acc@(fcst,dt=1 hour),missing=0",80% level,,,":ASNOW:surface:23-24 hour acc@(fcst,dt=1 hour),missing=0:80% level:"
130,125671114,126219437.0,125671114-126219437,2026-05-16 18:00:00,2026-05-17 18:00:00,ASNOW,surface,"23-24 hour acc@(fcst,dt=1 hour),missing=0",90% level,,,":ASNOW:surface:23-24 hour acc@(fcst,dt=1 hour),missing=0:90% level:"
131,126219438,126789601.0,126219438-126789601,2026-05-16 18:00:00,2026-05-17 18:00:00,ASNOW,surface,"23-24 hour acc@(fcst,dt=1 hour),missing=0",95% level,,,":ASNOW:surface:23-24 hour acc@(fcst,dt=1 hour),missing=0:95% level:"
132,126789602,127370535.0,126789602-127370535,2026-05-16 18:00:00,2026-05-17 18:00:00,ASNOW,surface,"23-24 hour acc@(fcst,dt=1 hour),missing=0",99% level,,,":ASNOW:surface:23-24 hour acc@(fcst,dt=1 hour),missing=0:99% level:"
133,127370536,127893261.0,127370536-127893261,2026-05-16 18:00:00,2026-05-17 18:00:00,ASNOW,surface,23-24 hour acc fcst,,,,:ASNOW:surface:23-24 hour acc fcst:
134,127893262,128464930.0,127893262-128464930,2026-05-16 18:00:00,2026-05-17 18:00:00,ASNOW,surface,23-24 hour acc fcst,prob >0.00254,prob fcst 255/255,,:ASNOW:surface:23-24 hour acc fcst:prob >0.00254:prob fcst 255/255:
135,128464931,128976759.0,128464931-128976759,2026-05-16 18:00:00,2026-05-17 18:00:00,ASNOW,surface,23-24 hour acc fcst,prob >0.0127,prob fcst 255/255,,:ASNOW:surface:23-24 hour acc fcst:prob >0.0127:prob fcst 255/255:
136,128976760,129468302.0,128976760-129468302,2026-05-16 18:00:00,2026-05-17 18:00:00,ASNOW,surface,23-24 hour acc fcst,prob >0.0254,prob fcst 255/255,,:ASNOW:surface:23-24 hour acc fcst:prob >0.0254:prob fcst 255/255:
137,129468303,129951101.0,129468303-129951101,2026-05-16 18:00:00,2026-05-17 18:00:00,ASNOW,surface,23-24 hour acc fcst,prob >0.0381,prob fcst 255/255,,:ASNOW:surface:23-24 hour acc fcst:prob >0.0381:prob fcst 255/255:
138,129951102,130428583.0,129951102-130428583,2026-05-16 18:00:00,2026-05-17 18:00:00,ASNOW,surface,23-24 hour acc fcst,prob >0.0508,prob fcst 255/255,,:ASNOW:surface:23-24 hour acc fcst:prob >0.0508:prob fcst 255/255:
139,130428584,130902547.0,130428584-130902547,2026-05-16 18:00:00,2026-05-17 18:00:00,ASNOW,surface,23-24 hour acc fcst,prob >0.0635,prob fcst 255/255,,:ASNOW:surface:23-24 hour acc fcst:prob >0.0635:prob fcst 255/255:
140,130902548,131374648.0,130902548-131374648,2026-05-16 18:00:00,2026-05-17 18:00:00,ASNOW,surface,23-24 hour acc fcst,prob >0.0762,prob fcst 255/255,,:ASNOW:surface:23-24 hour acc fcst:prob >0.0762:prob fcst 255/255:
141,131374649,131844469.0,131374649-131844469,2026-05-16 18:00:00,2026-05-17 18:00:00,ASNOW,surface,23-24 hour acc fcst,prob >0.1016,prob fcst 255/255,,:ASNOW:surface:23-24 hour acc fcst:prob >0.1016:prob fcst 255/255:
142,131844470,132321184.0,131844470-132321184,2026-05-16 18:00:00,2026-05-17 18:00:00,ASNOW,surface,"18-24 hour acc@(fcst,dt=6 hour),missing=0",1% level,,,":ASNOW:surface:18-24 hour acc@(fcst,dt=6 hour),missing=0:1% level:"
143,132321185,132800241.0,132321185-132800241,2026-05-16 18:00:00,2026-05-17 18:00:00,ASNOW,surface,"18-24 hour acc@(fcst,dt=6 hour),missing=0",5% level,,,":ASNOW:surface:18-24 hour acc@(fcst,dt=6 hour),missing=0:5% level:"
144,132800242,133282795.0,132800242-133282795,2026-05-16 18:00:00,2026-05-17 18:00:00,ASNOW,surface,"18-24 hour acc@(fcst,dt=6 hour),missing=0",10% level,,,":ASNOW:surface:18-24 hour acc@(fcst,dt=6 hour),missing=0:10% level:"
145,133282796,133775246.0,133282796-133775246,2026-05-16 18:00:00,2026-05-17 18:00:00,ASNOW,surface,"18-24 hour acc@(fcst,dt=6 hour),missing=0",20% level,,,":ASNOW:surface:18-24 hour acc@(fcst,dt=6 hour),missing=0:20% level:"
146,133775247,134271773.0,133775247-134271773,2026-05-16 18:00:00,2026-05-17 18:00:00,ASNOW,surface,"18-24 hour acc@(fcst,dt=6 hour),missing=0",25% level,,,":ASNOW:surface:18-24 hour acc@(fcst,dt=6 hour),missing=0:25% level:"
147,134271774,134772706.0,134271774-134772706,2026-05-16 18:00:00,2026-05-17 18:00:00,ASNOW,surface,"18-24 hour acc@(fcst,dt=6 hour),missing=0",30% level,,,":ASNOW:surface:18-24 hour acc@(fcst,dt=6 hour),missing=0:30% level:"
148,134772707,135282770.0,134772707-135282770,2026-05-16 18:00:00,2026-05-17 18:00:00,ASNOW,surface,"18-24 hour acc@(fcst,dt=6 hour),missing=0",40% level,,,":ASNOW:surface:18-24 hour acc@(fcst,dt=6 hour),missing=0:40% level:"
149,135282771,135804588.0,135282771-135804588,2026-05-16 18:00:00,2026-05-17 18:00:00,ASNOW,surface,"18-24 hour acc@(fcst,dt=6 hour),missing=0",50% level,,,":ASNOW:surface:18-24 hour acc@(fcst,dt=6 hour),missing=0:50% level:"
150,135804589,136337922.0,135804589-136337922,2026-05-16 18:00:00,2026-05-17 18:00:00,ASNOW,surface,"18-24 hour acc@(fcst,dt=6 hour),missing=0",60% level,,,":ASNOW:surface:18-24 hour acc@(fcst,dt=6 hour),missing=0:60% level:"
151,136337923,136883284.0,136337923-136883284,2026-05-16 18:00:00,2026-05-17 18:00:00,ASNOW,surface,"18-24 hour acc@(fcst,dt=6 hour),missing=0",70% level,,,":ASNOW:surface:18-24 hour acc@(fcst,dt=6 hour),missing=0:70% level:"
152,136883285,137437198.0,136883285-137437198,2026-05-16 18:00:00,2026-05-17 18:00:00,ASNOW,surface,"18-24 hour acc@(fcst,dt=6 hour),missing=0",75% level,,,":ASNOW:surface:18-24 hour acc@(fcst,dt=6 hour),missing=0:75% level:"
153,137437199,138001182.0,137437199-138001182,2026-05-16 18:00:00,2026-05-17 18:00:00,ASNOW,surface,"18-24 hour acc@(fcst,dt=6 hour),missing=0",80% level,,,":ASNOW:surface:18-24 hour acc@(fcst,dt=6 hour),missing=0:80% level:"
154,138001183,138608042.0,138001183-138608042,2026-05-16 18:00:00,2026-05-17 18:00:00,ASNOW,surface,"18-24 hour acc@(fcst,dt=6 hour),missing=0",90% level,,,":ASNOW:surface:18-24 hour acc@(fcst,dt=6 hour),missing=0:90% level:"
155,138608043,139254560.0,138608043-139254560,2026-05-16 18:00:00,2026-05-17 18:00:00,ASNOW,surface,"18-24 hour acc@(fcst,dt=6 hour),missing=0",95% level,,,":ASNOW:surface:18-24 hour acc@(fcst,dt=6 hour),missing=0:95% level:"
156,139254561,139916925.0,139254561-139916925,2026-05-16 18:00:00,2026-05-17 18:00:00,ASNOW,surface,"18-24 hour acc@(fcst,dt=6 hour),missing=0",99% level,,,":ASNOW:surface:18-24 hour acc@(fcst,dt=6 hour),missing=0:99% level:"
157,139916926,140485890.0,139916926-140485890,2026-05-16 18:00:00,2026-05-17 18:00:00,ASNOW,surface,18-24 hour acc fcst,,,,:ASNOW:surface:18-24 hour acc fcst:
158,140485891,141103674.0,140485891-141103674,2026-05-16 18:00:00,2026-05-17 18:00:00,ASNOW,surface,18-24 hour acc fcst,prob >0.00254,prob fcst 255/255,,:ASNOW:surface:18-24 hour acc fcst:prob >0.00254:prob fcst 255/255:
159,141103675,141638021.0,141103675-141638021,2026-05-16 18:00:00,2026-05-17 18:00:00,ASNOW,surface,18-24 hour acc fcst,prob >0.0254,prob fcst 255/255,,:ASNOW:surface:18-24 hour acc fcst:prob >0.0254:prob fcst 255/255:
160,141638022,142147806.0,141638022-142147806,2026-05-16 18:00:00,2026-05-17 18:00:00,ASNOW,surface,18-24 hour acc fcst,prob >0.0508,prob fcst 255/255,,:ASNOW:surface:18-24 hour acc fcst:prob >0.0508:prob fcst 255/255:
161,142147807,142636319.0,142147807-142636319,2026-05-16 18:00:00,2026-05-17 18:00:00,ASNOW,surface,18-24 hour acc fcst,prob >0.1016,prob fcst 255/255,,:ASNOW:surface:18-24 hour acc fcst:prob >0.1016:prob fcst 255/255:
162,142636320,143114076.0,142636320-143114076,2026-05-16 18:00:00,2026-05-17 18:00:00,ASNOW,surface,18-24 hour acc fcst,prob >0.1524,prob fcst 255/255,,:ASNOW:surface:18-24 hour acc fcst:prob >0.1524:prob fcst 255/255:
163,143114077,143587526.0,143114077-143587526,2026-05-16 18:00:00,2026-05-17 18:00:00,ASNOW,surface,18-24 hour acc fcst,prob >0.2032,prob fcst 255/255,,:ASNOW:surface:18-24 hour acc fcst:prob >0.2032:prob fcst 255/255:
164,143587527,144059159.0,143587527-144059159,2026-05-16 18:00:00,2026-05-17 18:00:00,ASNOW,surface,18-24 hour acc fcst,prob >0.254,prob fcst 255/255,,:ASNOW:surface:18-24 hour acc fcst:prob >0.254:prob fcst 255/255:
165,144059160,144529597.0,144059160-144529597,2026-05-16 18:00:00,2026-05-17 18:00:00,ASNOW,surface,18-24 hour acc fcst,prob >0.3048,prob fcst 255/255,,:ASNOW:surface:18-24 hour acc fcst:prob >0.3048:prob fcst 255/255:
166,144529598,145164143.0,144529598-145164143,2026-05-16 18:00:00,2026-05-17 18:00:00,SNOD,surface,24 hour fcst,,,,:SNOD:surface:24 hour fcst:
167,145164144,146621684.0,145164144-146621684,2026-05-16 18:00:00,2026-05-17 18:00:00,SNOD,surface,24 hour fcst,prob >0.00254,prob fcst 255/255,,:SNOD:surface:24 hour fcst:prob >0.00254:prob fcst 255/255:
168,146621685,147816684.0,146621685-147816684,2026-05-16 18:00:00,2026-05-17 18:00:00,SNOD,surface,24 hour fcst,prob >0.0127,prob fcst 255/255,,:SNOD:surface:24 hour fcst:prob >0.0127:prob fcst 255/255:
169,147816685,148846122.0,147816685-148846122,2026-05-16 18:00:00,2026-05-17 18:00:00,SNOD,surface,24 hour fcst,prob >0.0254,prob fcst 255/255,,:SNOD:surface:24 hour fcst:prob >0.0254:prob fcst 255/255:
170,148846123,150075606.0,148846123-150075606,2026-05-16 18:00:00,2026-05-17 18:00:00,SNOWLVL,surface,24 hour fcst,1% level,,,:SNOWLVL:surface:24 hour fcst:1% level:
171,150075607,151339362.0,150075607-151339362,2026-05-16 18:00:00,2026-05-17 18:00:00,SNOWLVL,surface,24 hour fcst,5% level,,,:SNOWLVL:surface:24 hour fcst:5% level:
172,151339363,152607693.0,151339363-152607693,2026-05-16 18:00:00,2026-05-17 18:00:00,SNOWLVL,surface,24 hour fcst,10% level,,,:SNOWLVL:surface:24 hour fcst:10% level:
173,152607694,153882489.0,152607694-153882489,2026-05-16 18:00:00,2026-05-17 18:00:00,SNOWLVL,surface,24 hour fcst,20% level,,,:SNOWLVL:surface:24 hour fcst:20% level:
174,153882490,155156885.0,153882490-155156885,2026-05-16 18:00:00,2026-05-17 18:00:00,SNOWLVL,surface,24 hour fcst,25% level,,,:SNOWLVL:surface:24 hour fcst:25% level:
175,155156886,156434967.0,155156886-156434967,2026-05-16 18:00:00,2026-05-17 18:00:00,SNOWLVL,surface,24 hour fcst,30% level,,,:SNOWLVL:surface:24 hour fcst:30% level:
176,156434968,157722942.0,156434968-157722942,2026-05-16 18:00:00,2026-05-17 18:00:00,SNOWLVL,surface,24 hour fcst,40% level,,,:SNOWLVL:surface:24 hour fcst:40% level:
177,157722943,159020814.0,157722943-159020814,2026-05-16 18:00:00,2026-05-17 18:00:00,SNOWLVL,surface,24 hour fcst,50% level,,,:SNOWLVL:surface:24 hour fcst:50% level:
178,159020815,160319631.0,159020815-160319631,2026-05-16 18:00:00,2026-05-17 18:00:00,SNOWLVL,surface,24 hour fcst,60% level,,,:SNOWLVL:surface:24 hour fcst:60% level:
179,160319632,161621431.0,160319632-161621431,2026-05-16 18:00:00,2026-05-17 18:00:00,SNOWLVL,surface,24 hour fcst,70% level,,,:SNOWLVL:surface:24 hour fcst:70% level:
180,161621432,162924270.0,161621432-162924270,2026-05-16 18:00:00,2026-05-17 18:00:00,SNOWLVL,surface,24 hour fcst,75% level,,,:SNOWLVL:surface:24 hour fcst:75% level:
181,162924271,164223754.0,162924271-164223754,2026-05-16 18:00:00,2026-05-17 18:00:00,SNOWLVL,surface,24 hour fcst,80% level,,,:SNOWLVL:surface:24 hour fcst:80% level:
182,164223755,165526177.0,164223755-165526177,2026-05-16 18:00:00,2026-05-17 18:00:00,SNOWLVL,surface,24 hour fcst,90% level,,,:SNOWLVL:surface:24 hour fcst:90% level:
183,165526178,166815900.0,165526178-166815900,2026-05-16 18:00:00,2026-05-17 18:00:00,SNOWLVL,surface,24 hour fcst,95% level,,,:SNOWLVL:surface:24 hour fcst:95% level:
184,166815901,168065570.0,166815901-168065570,2026-05-16 18:00:00,2026-05-17 18:00:00,SNOWLVL,surface,24 hour fcst,99% level,,,:SNOWLVL:surface:24 hour fcst:99% level:
185,168065571,169196454.0,168065571-169196454,2026-05-16 18:00:00,2026-05-17 18:00:00,SNOWLVL,0 m above mean sea level,24 hour fcst,,,,:SNOWLVL:0 m above mean sea level:24 hour fcst:
186,169196455,169268928.0,169196455-169268928,2026-05-16 18:00:00,2026-05-17 18:00:00,HAILPROB,surface,20-24 hour acc fcst,prob >0,prob fcst 0/21,probability forecast,:HAILPROB:surface:20-24 hour acc fcst:prob >0:prob fcst 0/21:probability forecast:
187,169268929,169293191.0,169268929-169293191,2026-05-16 18:00:00,2026-05-17 18:00:00,TORPROB,surface,20-24 hour acc fcst,prob >0,prob fcst 0/21,probability forecast,:TORPROB:surface:20-24 hour acc fcst:prob >0:prob fcst 0/21:probability forecast:
188,169293192,169411301.0,169293192-169411301,2026-05-16 18:00:00,2026-05-17 18:00:00,WINDPROB,surface,20-24 hour acc fcst,prob >0,prob fcst 0/21,probability forecast,:WINDPROB:surface:20-24 hour acc fcst:prob >0:prob fcst 0/21:probability forecast:
189,169411302,169836914.0,169411302-169836914,2026-05-16 18:00:00,2026-05-17 18:00:00,TMP,surface,24 hour fcst,,,,:TMP:surface:24 hour fcst:
190,169836915,172030936.0,169836915-172030936,2026-05-16 18:00:00,2026-05-17 18:00:00,TMP,2 m above ground,24 hour fcst,,,,:TMP:2 m above ground:24 hour fcst:
191,172030937,174080888.0,172030937-174080888,2026-05-16 18:00:00,2026-05-17 18:00:00,TMP,2 m above ground,24 hour fcst,ens std dev,,,:TMP:2 m above ground:24 hour fcst:ens std dev:
192,174080889,175199109.0,174080889-175199109,2026-05-16 18:00:00,2026-05-17 18:00:00,TRWDIR,entire atmosphere (considered as a single layer),24 hour fcst,,,,:TRWDIR:entire atmosphere (considered as a single layer):24 hour fcst:
193,175199110,177135948.0,175199110-177135948,2026-05-16 18:00:00,2026-05-17 18:00:00,TRWSPD,entire atmosphere (considered as a single layer),24 hour fcst,,,,:TRWSPD:entire atmosphere (considered as a single layer):24 hour fcst:
194,177135949,177650855.0,177135949-177650855,2026-05-16 18:00:00,2026-05-17 18:00:00,THUNC,entire atmosphere,24-25 hour missing fcst,,,,:THUNC:entire atmosphere:24-25 hour missing fcst:
195,177650856,180524473.0,177650856-180524473,2026-05-16 18:00:00,2026-05-17 18:00:00,VIL,entire atmosphere,24 hour fcst,,,,:VIL:entire atmosphere:24 hour fcst:
196,180524474,181160751.0,180524474-181160751,2026-05-16 18:00:00,2026-05-17 18:00:00,VIS,surface,24 hour fcst,,,,:VIS:surface:24 hour fcst:
197,181160752,181347965.0,181160752-181347965,2026-05-16 18:00:00,2026-05-17 18:00:00,VIS,surface,24 hour fcst,prob <1609.34,prob fcst 2/6,probability forecast,:VIS:surface:24 hour fcst:prob <1609.34:prob fcst 2/6:probability forecast:
198,181347966,181589349.0,181347966-181589349,2026-05-16 18:00:00,2026-05-17 18:00:00,VIS,surface,24 hour fcst,prob <3218.69,prob fcst 3/6,probability forecast,:VIS:surface:24 hour fcst:prob <3218.69:prob fcst 3/6:probability forecast:
199,181589350,181883801.0,181589350-181883801,2026-05-16 18:00:00,2026-05-17 18:00:00,VIS,surface,24 hour fcst,prob <4828.03,prob fcst 4/6,probability forecast,:VIS:surface:24 hour fcst:prob <4828.03:prob fcst 4/6:probability forecast:
200,181883802,182302940.0,181883802-182302940,2026-05-16 18:00:00,2026-05-17 18:00:00,VIS,surface,24 hour fcst,prob <8046.73,prob fcst 5/6,probability forecast,:VIS:surface:24 hour fcst:prob <8046.73:prob fcst 5/6:probability forecast:
201,182302941,186252496.0,182302941-186252496,2026-05-16 18:00:00,2026-05-17 18:00:00,VRATE,entire atmosphere (considered as a single layer),24 hour fcst,,,,:VRATE:entire atmosphere (considered as a single layer):24 hour fcst:
202,186252497,187823379.0,186252497-187823379,2026-05-16 18:00:00,2026-05-17 18:00:00,WETGLBT,surface,24 hour fcst,,,,:WETGLBT:surface:24 hour fcst:
203,187823380,188961968.0,187823380-188961968,2026-05-16 18:00:00,2026-05-17 18:00:00,WDIR,30 m above ground,24 hour fcst,,,,:WDIR:30 m above ground:24 hour fcst:
204,188961969,190100557.0,188961969-190100557,2026-05-16 18:00:00,2026-05-17 18:00:00,WDIR,80 m above ground,24 hour fcst,,,,:WDIR:80 m above ground:24 hour fcst:
205,190100558,191239146.0,190100558-191239146,2026-05-16 18:00:00,2026-05-17 18:00:00,WDIR,10 m above ground,24 hour fcst,,,,:WDIR:10 m above ground:24 hour fcst:
206,191239147,192916655.0,191239147-192916655,2026-05-16 18:00:00,2026-05-17 18:00:00,GUST,10 m above ground,24 hour fcst,,,,:GUST:10 m above ground:24 hour fcst:
207,192916656,195203520.0,192916656-195203520,2026-05-16 18:00:00,2026-05-17 18:00:00,GUST,10 m above ground,24 hour fcst,ens std dev,,,:GUST:10 m above ground:24 hour fcst:ens std dev:
208,195203521,197163381.0,195203521-197163381,2026-05-16 18:00:00,2026-05-17 18:00:00,WIND,30 m above ground,24 hour fcst,,,,:WIND:30 m above ground:24 hour fcst:
209,197163382,199170737.0,197163382-199170737,2026-05-16 18:00:00,2026-05-17 18:00:00,WIND,80 m above ground,24 hour fcst,,,,:WIND:80 m above ground:24 hour fcst:
210,199170738,201054956.0,199170738-201054956,2026-05-16 18:00:00,2026-05-17 18:00:00,WIND,10 m above ground,24 hour fcst,,,,:WIND:10 m above ground:24 hour fcst:
211,201054957,,201054957-,2026-05-16 18:00:00,2026-05-17 18:00:00,WIND,10 m above ground,24 hour fcst,ens std dev,,,:WIND:10 m above ground:24 hour fcst:ens std dev:
